Name,Age,Salary,Department
John,25.0,50000.0,IT
Alex,27.666666666666668,60000.0,IT
Mary,30.0,52500.0,HR
David,28.0,55000.0,FINANCE
Sara,27.666666666666668,45000.0,FINANCE
